"age_group","is_female","category","N","count","percent"
"[40,45)",0,"AFIB",300490,1551,0.00516156943658691
"[40,45)",1,"AFIB",327169,661,0.00202036256491293
"[45,50)",0,"AFIB",305129,2715,0.00889787598032308
"[45,50)",1,"AFIB",335558,1150,0.0034271273520524
"[50,55)",0,"AFIB",328467,5057,0.0153957627402448
"[50,55)",1,"AFIB",360738,2047,0.00567447843032894
"[55,60)",0,"AFIB",349624,9181,0.0262596389263895
"[55,60)",1,"AFIB",384918,4079,0.0105970622314363
"[60,65)",0,"AFIB",344312,15133,0.0439514161574386
"[60,65)",1,"AFIB",384813,7276,0.0189078851286209
"[65,70)",0,"AFIB",281362,21040,0.074779110185455
"[65,70)",1,"AFIB",318542,11662,0.0366105568496462
"[70,75)",0,"AFIB",202067,24111,0.119321809102921
"[70,75)",1,"AFIB",244787,16296,0.0665721627374003
"[75,80)",0,"AFIB",151488,27340,0.180476341360372
"[75,80)",1,"AFIB",186752,20670,0.110681545579164
"[80,100]",0,"AFIB",191432,54616,0.285302352793681
"[80,100]",1,"AFIB",295206,63860,0.216323516459693
"[40,45)",0,"Anemia",300490,4855,0.0161569436586908
"[40,45)",1,"Anemia",327169,19548,0.0597489370936733
"[45,50)",0,"Anemia",305129,6696,0.0219448167824101
"[45,50)",1,"Anemia",335558,23130,0.068929961437367
"[50,55)",0,"Anemia",328467,9427,0.028699991171107
"[50,55)",1,"Anemia",360738,22516,0.0624164906386352
"[55,60)",0,"Anemia",349624,13412,0.0383612109008535
"[55,60)",1,"Anemia",384918,19704,0.0511901236107431
"[60,65)",0,"Anemia",344312,17539,0.0509392643881131
"[60,65)",1,"Anemia",384813,22438,0.0583088409175366
"[65,70)",0,"Anemia",281362,23112,0.0821432887170265
"[65,70)",1,"Anemia",318542,27428,0.0861048150636337
"[70,75)",0,"Anemia",202067,24570,0.121593332904433
"[70,75)",1,"Anemia",244787,29521,0.120598724605473
"[75,80)",0,"Anemia",151488,25229,0.166541244190959
"[75,80)",1,"Anemia",186752,29758,0.159345013708019
"[80,100]",0,"Anemia",191432,48479,0.25324397174976
"[80,100]",1,"Anemia",295206,67386,0.22826771813581
"[40,45)",0,"Anxiety",300490,34713,0.115521315185198
"[40,45)",1,"Anxiety",327169,62946,0.192395978836626
"[45,50)",0,"Anxiety",305129,31876,0.104467290883528
"[45,50)",1,"Anxiety",335558,60889,0.181455962903581
"[50,55)",0,"Anxiety",328467,31008,0.0944021773876828
"[50,55)",1,"Anxiety",360738,62470,0.173172773591914
"[55,60)",0,"Anxiety",349624,30766,0.0879973914834222
"[55,60)",1,"Anxiety",384918,63431,0.164790942486452
"[60,65)",0,"Anxiety",344312,28628,0.0831455191802783
"[60,65)",1,"Anxiety",384813,61349,0.159425487184685
"[65,70)",0,"Anxiety",281362,25160,0.0894221678833673
"[65,70)",1,"Anxiety",318542,54693,0.171697923664697
"[70,75)",0,"Anxiety",202067,17994,0.0890496716435638
"[70,75)",1,"Anxiety",244787,43992,0.179715426064293
"[75,80)",0,"Anxiety",151488,13907,0.0918026510350655
"[75,80)",1,"Anxiety",186752,34692,0.18576507882111
"[80,100]",0,"Anxiety",191432,18013,0.0940960758911781
"[80,100]",1,"Anxiety",295206,56687,0.192025229839502
"[40,45)",0,"Arthritis",300490,16354,0.0544244400812007
"[40,45)",1,"Arthritis",327169,16063,0.0490969498943971
"[45,50)",0,"Arthritis",305129,23613,0.0773869412609093
"[45,50)",1,"Arthritis",335558,25806,0.0769047377800559
"[50,55)",0,"Arthritis",328467,34212,0.104156581939738
"[50,55)",1,"Arthritis",360738,40991,0.113630945450715
"[55,60)",0,"Arthritis",349624,48703,0.139301077729218
"[55,60)",1,"Arthritis",384918,59408,0.154339365786999
"[60,65)",0,"Arthritis",344312,59527,0.172886800343874
"[60,65)",1,"Arthritis",384813,73384,0.190700418125167
"[65,70)",0,"Arthritis",281362,63128,0.224365763678109
"[65,70)",1,"Arthritis",318542,81311,0.255259902932737
"[70,75)",0,"Arthritis",202067,54051,0.267490485828958
"[70,75)",1,"Arthritis",244787,77399,0.316189176712816
"[75,80)",0,"Arthritis",151488,45898,0.302981094212083
"[75,80)",1,"Arthritis",186752,66393,0.355514264907471
"[80,100]",0,"Arthritis",191432,62904,0.328597099753437
"[80,100]",1,"Arthritis",295206,116010,0.392979817483385
"[40,45)",0,"CAD",300490,4042,0.0134513627741356
"[40,45)",1,"CAD",327169,2976,0.00909621632856414
"[45,50)",0,"CAD",305129,8050,0.0263822842142176
"[45,50)",1,"CAD",335558,5192,0.0154727349668314
"[50,55)",0,"CAD",328467,15362,0.046768777380985
"[50,55)",1,"CAD",360738,8445,0.0234103421319628
"[55,60)",0,"CAD",349624,26454,0.0756641420497449
"[55,60)",1,"CAD",384918,13556,0.0352178905637045
"[60,65)",0,"CAD",344312,39405,0.114445619089663
"[60,65)",1,"CAD",384813,19431,0.0504946558458264
"[65,70)",0,"CAD",281362,49073,0.174412322914964
"[65,70)",1,"CAD",318542,25516,0.0801024668646521
"[70,75)",0,"CAD",202067,49944,0.247165544101709
"[70,75)",1,"CAD",244787,29244,0.119467128564834
"[75,80)",0,"CAD",151488,49054,0.323814427545416
"[75,80)",1,"CAD",186752,30517,0.163409227210418
"[80,100]",0,"CAD",191432,77312,0.403861423377492
"[80,100]",1,"CAD",295206,66028,0.223667540632643
"[40,45)",0,"CVA",300490,1723,0.00573396785250757
"[40,45)",1,"CVA",327169,1954,0.00597244848992417
"[45,50)",0,"CVA",305129,2589,0.0084849358795788
"[45,50)",1,"CVA",335558,3019,0.00899695432682279
"[50,55)",0,"CVA",328467,4333,0.0131915839338503
"[50,55)",1,"CVA",360738,4325,0.0119893108017453
"[55,60)",0,"CVA",349624,7379,0.0211055305127794
"[55,60)",1,"CVA",384918,6437,0.0167230423103102
"[60,65)",0,"CVA",344312,10856,0.0315295429726527
"[60,65)",1,"CVA",384813,9315,0.0242065626681011
"[65,70)",0,"CVA",281362,14890,0.0529211478451248
"[65,70)",1,"CVA",318542,12880,0.0404342284533908
"[70,75)",0,"CVA",202067,16764,0.082962581717945
"[70,75)",1,"CVA",244787,15897,0.0649421742167681
"[75,80)",0,"CVA",151488,18230,0.120339564850021
"[75,80)",1,"CVA",186752,18065,0.0967325651130912
"[80,100]",0,"CVA",191432,32050,0.167422374524635
"[80,100]",1,"CVA",295206,41806,0.141616362811054
"[40,45)",0,"Cancer",300490,5564,0.01851642317548
"[40,45)",1,"Cancer",327169,9330,0.0285173717558815
"[45,50)",0,"Cancer",305129,9517,0.0311900868157402
"[45,50)",1,"Cancer",335558,15607,0.0465105883334625
"[50,55)",0,"Cancer",328467,24738,0.0753135018129675
"[50,55)",1,"Cancer",360738,29523,0.0818405601849542
"[55,60)",0,"Cancer",349624,32103,0.091821499668215
"[55,60)",1,"Cancer",384918,36143,0.0938979211156662
"[60,65)",0,"Cancer",344312,44583,0.129484304932735
"[60,65)",1,"Cancer",384813,45314,0.117755897020111
"[65,70)",0,"Cancer",281362,51631,0.183503813592454
"[65,70)",1,"Cancer",318542,48112,0.151038167651362
"[70,75)",0,"Cancer",202067,50128,0.248076133163753
"[70,75)",1,"Cancer",244787,45245,0.184834161944875
"[75,80)",0,"Cancer",151488,46091,0.304255122517955
"[75,80)",1,"Cancer",186752,38477,0.206032599383139
"[80,100]",0,"Cancer",191432,64371,0.336260395336203
"[80,100]",1,"Cancer",295206,56317,0.190771867780465
"[40,45)",0,"Chronpain",300490,14984,0.0498652201404373
"[40,45)",1,"Chronpain",327169,23026,0.0703795286228218
"[45,50)",0,"Chronpain",305129,17476,0.0572741365127536
"[45,50)",1,"Chronpain",335558,28164,0.0839318389071338
"[50,55)",0,"Chronpain",328467,21041,0.0640581854493754
"[50,55)",1,"Chronpain",360738,34547,0.0957675653798602
"[55,60)",0,"Chronpain",349624,26684,0.0763219916252889
"[55,60)",1,"Chronpain",384918,41249,0.107163084085442
"[60,65)",0,"Chronpain",344312,29578,0.0859046446246428
"[60,65)",1,"Chronpain",384813,43105,0.112015446463607
"[65,70)",0,"Chronpain",281362,29096,0.103411263781179
"[65,70)",1,"Chronpain",318542,43757,0.137366501120731
"[70,75)",0,"Chronpain",202067,22783,0.112749731524692
"[70,75)",1,"Chronpain",244787,37842,0.15459154285154
"[75,80)",0,"Chronpain",151488,18222,0.120286755386565
"[75,80)",1,"Chronpain",186752,30906,0.165492203564085
"[80,100]",0,"Chronpain",191432,22969,0.119985164444816
"[80,100]",1,"Chronpain",295206,48274,0.163526486589026
"[40,45)",0,"Dementia",300490,7002,0.0233019401643981
"[40,45)",1,"Dementia",327169,5756,0.0175933538935535
"[45,50)",0,"Dementia",305129,7319,0.0239865761694234
"[45,50)",1,"Dementia",335558,6523,0.0194392623629894
"[50,55)",0,"Dementia",328467,8538,0.0259934787969568
"[50,55)",1,"Dementia",360738,7577,0.0210041636866646
"[55,60)",0,"Dementia",349624,10072,0.0288080909777361
"[55,60)",1,"Dementia",384918,9248,0.0240258964246931
"[60,65)",0,"Dementia",344312,11099,0.0322352982178954
"[60,65)",1,"Dementia",384813,10139,0.0263478624682638
"[65,70)",0,"Dementia",281362,12933,0.0459656954386164
"[65,70)",1,"Dementia",318542,12657,0.0397341637837397
"[70,75)",0,"Dementia",202067,13947,0.0690216611321987
"[70,75)",1,"Dementia",244787,15487,0.0632672486692512
"[75,80)",0,"Dementia",151488,16565,0.109348595268272
"[75,80)",1,"Dementia",186752,20119,0.107731108636052
"[80,100]",0,"Dementia",191432,41568,0.217142379539471
"[80,100]",1,"Dementia",295206,77140,0.261309051984038
"[40,45)",0,"Depress",300490,24731,0.0823022396751972
"[40,45)",1,"Depress",327169,47534,0.145288826264102
"[45,50)",0,"Depress",305129,23935,0.078442232629478
"[45,50)",1,"Depress",335558,49012,0.146061187633732
"[50,55)",0,"Depress",328467,24712,0.0752343462204727
"[50,55)",1,"Depress",360738,53100,0.147198243600619
"[55,60)",0,"Depress",349624,26396,0.0754982495480859
"[55,60)",1,"Depress",384918,56980,0.148031528793146
"[60,65)",0,"Depress",344312,25930,0.0753096029182834
"[60,65)",1,"Depress",384813,57808,0.150223615106558
"[65,70)",0,"Depress",281362,24782,0.0880787028809861
"[65,70)",1,"Depress",318542,54087,0.169795505773179
"[70,75)",0,"Depress",202067,19460,0.0963046910183256
"[70,75)",1,"Depress",244787,43489,0.177660578380388
"[75,80)",0,"Depress",151488,15115,0.099776880016899
"[75,80)",1,"Depress",186752,33447,0.179098483550377
"[80,100]",0,"Depress",191432,22186,0.115894939195119
"[80,100]",1,"Depress",295206,55552,0.188180457036781
"[40,45)",0,"Diabetes",300490,17099,0.0569037239176012
"[40,45)",1,"Diabetes",327169,14579,0.0445610678273308
"[45,50)",0,"Diabetes",305129,27742,0.0909189228162515
"[45,50)",1,"Diabetes",335558,22324,0.0665279921801894
"[50,55)",0,"Diabetes",328467,40390,0.122965168494856
"[50,55)",1,"Diabetes",360738,32608,0.090392473207702
"[55,60)",0,"Diabetes",349624,53985,0.154408736242363
"[55,60)",1,"Diabetes",384918,45199,0.11742501000213
"[60,65)",0,"Diabetes",344312,62504,0.18153302818374
"[60,65)",1,"Diabetes",384813,54397,0.141359569453215
"[65,70)",0,"Diabetes",281362,64975,0.230930260660644
"[65,70)",1,"Diabetes",318542,57378,0.180126953431573
"[70,75)",0,"Diabetes",202067,55002,0.272196845600717
"[70,75)",1,"Diabetes",244787,52274,0.213548922124132
"[75,80)",0,"Diabetes",151488,45714,0.301766476552598
"[75,80)",1,"Diabetes",186752,43398,0.232383053461275
"[80,100]",0,"Diabetes",191432,56834,0.296888712440971
"[80,100]",1,"Diabetes",295206,65528,0.221973808120431
"[40,45)",0,"DuraMed",300490,836,0.00278212253319578
"[40,45)",1,"DuraMed",327169,1092,0.00333772453991668
"[45,50)",0,"DuraMed",305129,1353,0.00443419012942067
"[45,50)",1,"DuraMed",335558,1628,0.00485162028620984
"[50,55)",0,"DuraMed",328467,2134,0.0064968474763066
"[50,55)",1,"DuraMed",360738,2717,0.00753178206898081
"[55,60)",0,"DuraMed",349624,3618,0.0103482598448619
"[55,60)",1,"DuraMed",384918,4411,0.0114595835996238
"[60,65)",0,"DuraMed",344312,4655,0.0135197146773856
"[60,65)",1,"DuraMed",384813,5884,0.0152905437186374
"[65,70)",0,"DuraMed",281362,5871,0.020866357219525
"[65,70)",1,"DuraMed",318542,7730,0.0242668156789372
"[70,75)",0,"DuraMed",202067,5679,0.0281045395834055
"[70,75)",1,"DuraMed",244787,8232,0.033629236846728
"[75,80)",0,"DuraMed",151488,5661,0.0373692965779468
"[75,80)",1,"DuraMed",186752,8140,0.0435872172721042
"[80,100]",0,"DuraMed",191432,12025,0.0628160391157173
"[80,100]",1,"DuraMed",295206,22074,0.074774902949127
"[40,45)",0,"Falls",300490,5062,0.0168458184964558
"[40,45)",1,"Falls",327169,5984,0.0182902414348548
"[45,50)",0,"Falls",305129,5091,0.0166847464515008
"[45,50)",1,"Falls",335558,6875,0.0204882613437915
"[50,55)",0,"Falls",328467,6002,0.0182727640828455
"[50,55)",1,"Falls",360738,8980,0.0248934129479012
"[55,60)",0,"Falls",349624,7244,0.0207194014140906
"[55,60)",1,"Falls",384918,11770,0.0305779412758042
"[60,65)",0,"Falls",344312,8067,0.0234293315365134
"[60,65)",1,"Falls",384813,13799,0.0358589756583068
"[65,70)",0,"Falls",281362,8742,0.0310702937852304
"[65,70)",1,"Falls",318542,15841,0.0497297059728387
"[70,75)",0,"Falls",202067,9051,0.0447920739160773
"[70,75)",1,"Falls",244787,16597,0.0678018032003334
"[75,80)",0,"Falls",151488,9762,0.0644407477820025
"[75,80)",1,"Falls",186752,17305,0.0926629969156957
"[80,100]",0,"Falls",191432,25306,0.132193154749467
"[80,100]",1,"Falls",295206,53500,0.181229378806664
"[40,45)",0,"Fatigue",300490,19268,0.0641219341741822
"[40,45)",1,"Fatigue",327169,32933,0.100660514902084
"[45,50)",0,"Fatigue",305129,21020,0.0688888961717831
"[45,50)",1,"Fatigue",335558,35670,0.106300550128443
"[50,55)",0,"Fatigue",328467,22997,0.070013121561679
"[50,55)",1,"Fatigue",360738,36631,0.101544611324562
"[55,60)",0,"Fatigue",349624,25265,0.0722633457657369
"[55,60)",1,"Fatigue",384918,37276,0.0968414051824025
"[60,65)",0,"Fatigue",344312,26009,0.0755390459815516
"[60,65)",1,"Fatigue",384813,37079,0.0963558923425144
"[65,70)",0,"Fatigue",281362,26935,0.0957307667702106
"[65,70)",1,"Fatigue",318542,36664,0.115099421740304
"[70,75)",0,"Fatigue",202067,24469,0.121093498691028
"[70,75)",1,"Fatigue",244787,35137,0.143541119422192
"[75,80)",0,"Fatigue",151488,23537,0.155372042670046
"[75,80)",1,"Fatigue",186752,33070,0.177079763536669
"[80,100]",0,"Fatigue",191432,44084,0.230285427723683
"[80,100]",1,"Fatigue",295206,74930,0.253822754280062
"[40,45)",0,"FtoThrive",300490,36,0.000119804319611302
"[40,45)",1,"FtoThrive",327169,50,0.00015282621519765
"[45,50)",0,"FtoThrive",305129,45,0.00014747860740867
"[45,50)",1,"FtoThrive",335558,57,0.000169866312232163
"[50,55)",0,"FtoThrive",328467,83,0.000252689006810425
"[50,55)",1,"FtoThrive",360738,99,0.000274437403323187
"[55,60)",0,"FtoThrive",349624,175,0.000500537720522619
"[55,60)",1,"FtoThrive",384918,211,0.000548168700866159
"[60,65)",0,"FtoThrive",344312,287,0.000833546318455354
"[60,65)",1,"FtoThrive",384813,272,0.000706836827238165
"[65,70)",0,"FtoThrive",281362,461,0.00163845864047028
"[65,70)",1,"FtoThrive",318542,426,0.00133734327027519
"[70,75)",0,"FtoThrive",202067,534,0.00264268782136618
"[70,75)",1,"FtoThrive",244787,686,0.002802436403894
"[75,80)",0,"FtoThrive",151488,670,0.00442279256442755
"[75,80)",1,"FtoThrive",186752,925,0.00495309287183002
"[80,100]",0,"FtoThrive",191432,2200,0.0114923314806302
"[80,100]",1,"FtoThrive",295206,4398,0.0148980711774151
"[40,45)",0,"GaitAb",300490,2497,0.00830976072415055
"[40,45)",1,"GaitAb",327169,3929,0.0120090839902313
"[45,50)",0,"GaitAb",305129,3312,0.0108544255052781
"[45,50)",1,"GaitAb",335558,5198,0.0154906156312769
"[50,55)",0,"GaitAb",328467,4572,0.0139192064956297
"[50,55)",1,"GaitAb",360738,7069,0.0195959394352688
"[55,60)",0,"GaitAb",349624,6694,0.0191462828638766
"[55,60)",1,"GaitAb",384918,9796,0.0254495762733881
"[60,65)",0,"GaitAb",344312,8748,0.0254071888287367
"[60,65)",1,"GaitAb",384813,12307,0.0319817677677209
"[65,70)",0,"GaitAb",281362,12241,0.043506230407802
"[65,70)",1,"GaitAb",318542,16956,0.0532300293210942
"[70,75)",0,"GaitAb",202067,13882,0.0686999856483246
"[70,75)",1,"GaitAb",244787,20157,0.082345059173894
"[75,80)",0,"GaitAb",151488,15675,0.103473542458809
"[75,80)",1,"GaitAb",186752,21836,0.116925119945168
"[80,100]",0,"GaitAb",191432,37497,0.195876342513268
"[80,100]",1,"GaitAb",295206,67457,0.228508228152544
"[40,45)",0,"HF",300490,1382,0.00459915471396719
"[40,45)",1,"HF",327169,906,0.00276921101938142
"[45,50)",0,"HF",305129,2486,0.00814737373373229
"[45,50)",1,"HF",335558,1649,0.00491420261176905
"[50,55)",0,"HF",328467,4331,0.0131854950421199
"[50,55)",1,"HF",360738,2708,0.00750683321413325
"[55,60)",0,"HF",349624,7181,0.0205392078347024
"[55,60)",1,"HF",384918,4760,0.012366270218592
"[60,65)",0,"HF",344312,10457,0.0303707102860197
"[60,65)",1,"HF",384813,7239,0.0188117345307981
"[65,70)",0,"HF",281362,13913,0.0494487528521975
"[65,70)",1,"HF",318542,10468,0.032862228528734
"[70,75)",0,"HF",202067,15292,0.0756778692215948
"[70,75)",1,"HF",244787,13198,0.0539162618929927
"[75,80)",0,"HF",151488,17386,0.114768166455429
"[75,80)",1,"HF",186752,15643,0.0837634938313914
"[80,100]",0,"HF",191432,39302,0.205305278114422
"[80,100]",1,"HF",295206,51430,0.174217326206107
"[40,45)",0,"HTN",300490,53026,0.176465106991913
"[40,45)",1,"HTN",327169,40060,0.122444363616357
"[45,50)",0,"HTN",305129,76652,0.251211782557541
"[45,50)",1,"HTN",335558,61479,0.183214228240721
"[50,55)",0,"HTN",328467,106930,0.325542596364323
"[50,55)",1,"HTN",360738,88464,0.245230610581641
"[55,60)",0,"HTN",349624,139785,0.399815230075738
"[55,60)",1,"HTN",384918,120198,0.312269106666875
"[60,65)",0,"HTN",344312,162562,0.472135737354492
"[60,65)",1,"HTN",384813,147764,0.383989106397133
"[65,70)",0,"HTN",281362,161177,0.572845657906896
"[65,70)",1,"HTN",318542,156207,0.490381174225063
"[70,75)",0,"HTN",202067,133194,0.659157606140538
"[70,75)",1,"HTN",244787,146010,0.5964777541291
"[75,80)",0,"HTN",151488,110702,0.730764152936206
"[75,80)",1,"HTN",186752,128477,0.687955149074709
"[80,100]",0,"HTN",191432,151503,0.791419407413599
"[80,100]",1,"HTN",295206,233883,0.79227048230727
"[40,45)",0,"Hearing",300490,3386,0.0112682618389963
"[40,45)",1,"Hearing",327169,3750,0.0114619661398238
"[45,50)",0,"Hearing",305129,4253,0.0139383670513127
"[45,50)",1,"Hearing",335558,4642,0.013833674059328
"[50,55)",0,"Hearing",328467,5777,0.0175877637631786
"[50,55)",1,"Hearing",360738,6249,0.0173228215491576
"[55,60)",0,"Hearing",349624,8016,0.0229274878154818
"[55,60)",1,"Hearing",384918,8414,0.0218592011805112
"[60,65)",0,"Hearing",344312,10348,0.030054136945561
"[60,65)",1,"Hearing",384813,10281,0.026716872870719
"[65,70)",0,"Hearing",281362,12760,0.0453508291809128
"[65,70)",1,"Hearing",318542,12803,0.0401925020876368
"[70,75)",0,"Hearing",202067,12467,0.061697357807064
"[70,75)",1,"Hearing",244787,13001,0.0531114805933322
"[75,80)",0,"Hearing",151488,12134,0.0800987536966624
"[75,80)",1,"Hearing",186752,12454,0.0666873714873201
"[80,100]",0,"Hearing",191432,21687,0.11328826946383
"[80,100]",1,"Hearing",295206,29891,0.101254717045047
"[40,45)",0,"Incont",300490,732,0.0024360211654298
"[40,45)",1,"Incont",327169,5971,0.0182505066189034
"[45,50)",0,"Incont",305129,977,0.00320192443196156
"[45,50)",1,"Incont",335558,7700,0.0229468527050465
"[50,55)",0,"Incont",328467,1327,0.00403997966310162
"[50,55)",1,"Incont",360738,8881,0.0246189755445781
"[55,60)",0,"Incont",349624,2168,0.00620094730338878
"[55,60)",1,"Incont",384918,9883,0.0256755984391481
"[60,65)",0,"Incont",344312,3257,0.00945944376031042
"[60,65)",1,"Incont",384813,11256,0.0292505710565911
"[65,70)",0,"Incont",281362,4860,0.0172731214591878
"[65,70)",1,"Incont",318542,13152,0.041288118992158
"[70,75)",0,"Incont",202067,5829,0.0288468676231151
"[70,75)",1,"Incont",244787,13948,0.0569801500896698
"[75,80)",0,"Incont",151488,6298,0.0415742501056189
"[75,80)",1,"Incont",186752,13706,0.0733914496230295
"[80,100]",0,"Incont",191432,11979,0.0625757449120314
"[80,100]",1,"Incont",295206,26038,0.0882028143059423
"[40,45)",0,"Kidney",300490,3145,0.010466238477154
"[40,45)",1,"Kidney",327169,2256,0.00689551882971797
"[45,50)",0,"Kidney",305129,5218,0.017100963854632
"[45,50)",1,"Kidney",335558,3731,0.0111187931743544
"[50,55)",0,"Kidney",328467,8274,0.0251897450885477
"[50,55)",1,"Kidney",360738,5700,0.0158009414034562
"[55,60)",0,"Kidney",349624,12315,0.0352235544470631
"[55,60)",1,"Kidney",384918,9255,0.024044082116191
"[60,65)",0,"Kidney",344312,17032,0.0494667627035944
"[60,65)",1,"Kidney",384813,13638,0.0354405906245371
"[65,70)",0,"Kidney",281362,23892,0.0849155180870196
"[65,70)",1,"Kidney",318542,20383,0.0639884222488714
"[70,75)",0,"Kidney",202067,26862,0.132936105351195
"[70,75)",1,"Kidney",244787,24661,0.100744729091006
"[75,80)",0,"Kidney",151488,28865,0.190543145331643
"[75,80)",1,"Kidney",186752,26924,0.144169808087731
"[80,100]",0,"Kidney",191432,55453,0.289674662543357
"[80,100]",1,"Kidney",295206,66326,0.224677005209921
"[40,45)",0,"Liver",300490,5198,0.0172984125927651
"[40,45)",1,"Liver",327169,4560,0.0139377508260257
"[45,50)",0,"Liver",305129,6459,0.0211680961167244
"[45,50)",1,"Liver",335558,5997,0.017871724113268
"[50,55)",0,"Liver",328467,7816,0.0237953888822926
"[50,55)",1,"Liver",360738,8154,0.0226036624918916
"[55,60)",0,"Liver",349624,9314,0.0266400475939867
"[55,60)",1,"Liver",384918,10006,0.025995147018326
"[60,65)",0,"Liver",344312,9942,0.0288749738609168
"[60,65)",1,"Liver",384813,11075,0.028780212726701
"[65,70)",0,"Liver",281362,9864,0.035058039109759
"[65,70)",1,"Liver",318542,10726,0.0336721688191824
"[70,75)",0,"Liver",202067,7441,0.0368244196231943
"[70,75)",1,"Liver",244787,8805,0.0359700474289893
"[75,80)",0,"Liver",151488,5057,0.03338218208703
"[75,80)",1,"Liver",186752,6046,0.0323744859492803
"[80,100]",0,"Liver",191432,4750,0.0248129884240879
"[80,100]",1,"Liver",295206,6151,0.0208362973652297
"[40,45)",0,"Lung",300490,16486,0.0548637225864421
"[40,45)",1,"Lung",327169,26624,0.0813769030684448
"[45,50)",0,"Lung",305129,18496,0.0606169849473501
"[45,50)",1,"Lung",335558,30904,0.0920973423372412
"[50,55)",0,"Lung",328467,22450,0.0683478096734223
"[50,55)",1,"Lung",360738,36175,0.100280536012286
"[55,60)",0,"Lung",349624,28804,0.0823856485824772
"[55,60)",1,"Lung",384918,43696,0.113520282241932
"[60,65)",0,"Lung",344312,34563,0.100382792351123
"[60,65)",1,"Lung",384813,49826,0.129481072624885
"[65,70)",0,"Lung",281362,36215,0.128713187992693
"[65,70)",1,"Lung",318542,49276,0.154692316868733
"[70,75)",0,"Lung",202067,31760,0.157175590274513
"[70,75)",1,"Lung",244787,44555,0.182015384803932
"[75,80)",0,"Lung",151488,28360,0.187209547950993
"[75,80)",1,"Lung",186752,38425,0.205754155243317
"[80,100]",0,"Lung",191432,40049,0.209207447030799
"[80,100]",1,"Lung",295206,60319,0.204328502808208
"[40,45)",0,"Muscular",300490,3360,0.0111817364970548
"[40,45)",1,"Muscular",327169,4554,0.013919411680202
"[45,50)",0,"Muscular",305129,3926,0.0128666891708097
"[45,50)",1,"Muscular",335558,5279,0.015732004601291
"[50,55)",0,"Muscular",328467,4640,0.0141262288144623
"[50,55)",1,"Muscular",360738,6784,0.018805892365096
"[55,60)",0,"Muscular",349624,6432,0.0183969063908656
"[55,60)",1,"Muscular",384918,8308,0.021583817852114
"[60,65)",0,"Muscular",344312,7565,0.0219713515648598
"[60,65)",1,"Muscular",384813,9866,0.0256384269762196
"[65,70)",0,"Muscular",281362,9280,0.0329824212224821
"[65,70)",1,"Muscular",318542,12386,0.0388834125484238
"[70,75)",0,"Muscular",202067,9496,0.0469943137672158
"[70,75)",1,"Muscular",244787,13439,0.0549007913001916
"[75,80)",0,"Muscular",151488,9868,0.0651404731727926
"[75,80)",1,"Muscular",186752,14228,0.0761866004112406
"[80,100]",0,"Muscular",191432,23674,0.123667934305654
"[80,100]",1,"Muscular",295206,47120,0.159617351950841
"[40,45)",0,"Osteo",300490,799,0.0026589903158175
"[40,45)",1,"Osteo",327169,983,0.0030045633907858
"[45,50)",0,"Osteo",305129,884,0.00289713530998365
"[45,50)",1,"Osteo",335558,1840,0.00548340376328384
"[50,55)",0,"Osteo",328467,1237,0.00376597953523489
"[50,55)",1,"Osteo",360738,4225,0.0117121013034391
"[55,60)",0,"Osteo",349624,1813,0.00518557078461433
"[55,60)",1,"Osteo",384918,10972,0.0285047724450402
"[60,65)",0,"Osteo",344312,2419,0.0070256046841237
"[60,65)",1,"Osteo",384813,21130,0.0549097873512589
"[65,70)",0,"Osteo",281362,3210,0.011408790099587
"[65,70)",1,"Osteo",318542,32772,0.102881252707649
"[70,75)",0,"Osteo",202067,3747,0.0185433544319458
"[70,75)",1,"Osteo",244787,34141,0.139472275897004
"[75,80)",0,"Osteo",151488,4214,0.0278173848753697
"[75,80)",1,"Osteo",186752,31378,0.168019619602467
"[80,100]",0,"Osteo",191432,8543,0.0446268126541017
"[80,100]",1,"Osteo",295206,59914,0.202956579473317
"[40,45)",0,"PD",300490,835,0.0027787946354288
"[40,45)",1,"PD",327169,1034,0.0031604461302874
"[45,50)",0,"PD",305129,1156,0.00378856155920938
"[45,50)",1,"PD",335558,1345,0.00400824894653085
"[50,55)",0,"PD",328467,1605,0.00488633561362329
"[50,55)",1,"PD",360738,1698,0.00470701728124012
"[55,60)",0,"PD",349624,2665,0.00762247442967302
"[55,60)",1,"PD",384918,2517,0.00653905507146977
"[60,65)",0,"PD",344312,3834,0.0111352494249402
"[60,65)",1,"PD",384813,3733,0.00970081572088261
"[65,70)",0,"PD",281362,5578,0.0198249941356686
"[65,70)",1,"PD",318542,5338,0.0167576018233074
"[70,75)",0,"PD",202067,6413,0.0317369981243845
"[70,75)",1,"PD",244787,6149,0.0251197980284901
"[75,80)",0,"PD",151488,6980,0.0460762568652303
"[75,80)",1,"PD",186752,6432,0.0344413982179575
"[80,100]",0,"PD",191432,11141,0.0581982113753187
"[80,100]",1,"PD",295206,12390,0.0419706916526087
"[40,45)",0,"PVD",300490,3962,0.0131851309527771
"[40,45)",1,"PVD",327169,4850,0.0148241428741721
"[45,50)",0,"PVD",305129,6351,0.0208141474589436
"[45,50)",1,"PVD",335558,6969,0.0207683917534376
"[50,55)",0,"PVD",328467,10102,0.0307549921301074
"[50,55)",1,"PVD",360738,9679,0.0268311073410619
"[55,60)",0,"PVD",349624,16535,0.0472936640505228
"[55,60)",1,"PVD",384918,13646,0.0354517065972493
"[60,65)",0,"PVD",344312,23134,0.067189061084133
"[60,65)",1,"PVD",384813,17924,0.0465784679831503
"[65,70)",0,"PVD",281362,31211,0.110928270342122
"[65,70)",1,"PVD",318542,24201,0.0759742828261265
"[70,75)",0,"PVD",202067,32549,0.161080235763385
"[70,75)",1,"PVD",244787,28117,0.114863125901294
"[75,80)",0,"PVD",151488,32606,0.215238170680186
"[75,80)",1,"PVD",186752,29380,0.157320938999315
"[80,100]",0,"PVD",191432,57078,0.298163316477914
"[80,100]",1,"PVD",295206,76851,0.26033007459198
"[40,45)",0,"PerNeuro",300490,3057,0.0101733834736597
"[40,45)",1,"PerNeuro",327169,3509,0.0107253437825711
"[45,50)",0,"PerNeuro",305129,5194,0.0170223085973474
"[45,50)",1,"PerNeuro",335558,5597,0.016679679816902
"[50,55)",0,"PerNeuro",328467,8516,0.0259265009879227
"[50,55)",1,"PerNeuro",360738,8529,0.0236431981105401
"[55,60)",0,"PerNeuro",349624,12814,0.0366508020044391
"[55,60)",1,"PerNeuro",384918,12718,0.0330408034958095
"[60,65)",0,"PerNeuro",344312,16784,0.0487464857454867
"[60,65)",1,"PerNeuro",384813,15576,0.040476803018609
"[65,70)",0,"PerNeuro",281362,20519,0.0729274031319084
"[65,70)",1,"PerNeuro",318542,18733,0.0588085715541436
"[70,75)",0,"PerNeuro",202067,19767,0.0978239890729313
"[70,75)",1,"PerNeuro",244787,18900,0.0772099825562632
"[75,80)",0,"PerNeuro",151488,18373,0.121283534009294
"[75,80)",1,"PerNeuro",186752,17671,0.0946228152844414
"[80,100]",0,"PerNeuro",191432,26553,0.13870721718417
"[80,100]",1,"PerNeuro",295206,31728,0.107477490294913
"[40,45)",0,"Thyroid",300490,7747,0.0257812240007987
"[40,45)",1,"Thyroid",327169,30362,0.0928021909166211
"[45,50)",0,"Thyroid",305129,10453,0.0342576418498406
"[45,50)",1,"Thyroid",335558,38198,0.113834270081476
"[50,55)",0,"Thyroid",328467,13728,0.0417941528372713
"[50,55)",1,"Thyroid",360738,47575,0.131882418819198
"[55,60)",0,"Thyroid",349624,17284,0.0494359654943597
"[55,60)",1,"Thyroid",384918,58248,0.151325736910199
"[60,65)",0,"Thyroid",344312,20387,0.0592108320360603
"[60,65)",1,"Thyroid",384813,65156,0.169318604101213
"[65,70)",0,"Thyroid",281362,21184,0.0752909063768384
"[65,70)",1,"Thyroid",318542,64665,0.203003057681562
"[70,75)",0,"Thyroid",202067,19157,0.0948051883781122
"[70,75)",1,"Thyroid",244787,57609,0.235343380163162
"[75,80)",0,"Thyroid",151488,17589,0.116108206590621
"[75,80)",1,"Thyroid",186752,49412,0.264586189170665
"[80,100]",0,"Thyroid",191432,30313,0.158348656441974
"[80,100]",1,"Thyroid",295206,88589,0.300092139048664
"[40,45)",0,"Vision",300490,4904,0.0163200106492729
"[40,45)",1,"Vision",327169,6758,0.0206559912461144
"[45,50)",0,"Vision",305129,7332,0.0240291811004526
"[45,50)",1,"Vision",335558,9922,0.0295686587713599
"[50,55)",0,"Vision",328467,10189,0.0310198589203786
"[50,55)",1,"Vision",360738,13578,0.0376395056800226
"[55,60)",0,"Vision",349624,14713,0.0420823513259959
"[55,60)",1,"Vision",384918,19696,0.0511693399633169
"[60,65)",0,"Vision",344312,20527,0.0596174399962824
"[60,65)",1,"Vision",384813,28287,0.0735084313679631
"[65,70)",0,"Vision",281362,28382,0.10087360766557
"[65,70)",1,"Vision",318542,38963,0.122316680374958
"[70,75)",0,"Vision",202067,30864,0.152741417450648
"[70,75)",1,"Vision",244787,43058,0.175899863963364
"[75,80)",0,"Vision",151488,31688,0.209178284748627
"[75,80)",1,"Vision",186752,42875,0.229582547978067
"[80,100]",0,"Vision",191432,56884,0.297149901792804
"[80,100]",1,"Vision",295206,94512,0.320156094388325
"[40,45)",0,"WgtLoss",300490,1714,0.00570401677260475
"[40,45)",1,"WgtLoss",327169,2197,0.00671518389578475
"[45,50)",0,"WgtLoss",305129,1926,0.00631208439709107
"[45,50)",1,"WgtLoss",335558,2376,0.00708074312041435
"[50,55)",0,"WgtLoss",328467,2431,0.0074010478982668
"[50,55)",1,"WgtLoss",360738,2839,0.00786997765691444
"[55,60)",0,"WgtLoss",349624,3516,0.0100565178591859
"[55,60)",1,"WgtLoss",384918,3897,0.0101242342524901
"[60,65)",0,"WgtLoss",344312,4167,0.0121023955017542
"[60,65)",1,"WgtLoss",384813,4611,0.0119824434205705
"[65,70)",0,"WgtLoss",281362,4911,0.0174543826103027
"[65,70)",1,"WgtLoss",318542,5536,0.0173791839066748
"[70,75)",0,"WgtLoss",202067,4984,0.024665086332751
"[70,75)",1,"WgtLoss",244787,6012,0.0245601277845637
"[75,80)",0,"WgtLoss",151488,5368,0.0354351499788762
"[75,80)",1,"WgtLoss",186752,6757,0.0361816740918437
"[80,100]",0,"WgtLoss",191432,10649,0.0556281081532868
"[80,100]",1,"WgtLoss",295206,18020,0.0610421197401137
